	RBC1	RBC2	RBC3	Ring 1	Ring 2	Ring 3	Trophozoite 1	Trophozoite 2	Trophozoite 3	Schizont 1	Schizont 2	Schizont 3
CE 16:0	9.475e-05	0.00010587500000000001	8.800000000000001e-05	0.000985	0.0008125000000000001	0.0016899999999999999	0.00032958801498127345	7.715355805243446e-05	0.00048164794007490635	0.00013122676579925652	0.00016840148698884762	0.0002394052044609666
CE 16:1	2.8749999999999997e-05	6.125000000000001e-05	2.6375e-05	0.0	0.0	0.0007975	0.0	0.0	0.00016966292134831462	0.0	0.0	0.0
CE 18:1	0.00012425	0.00018	0.00010887500000000002	0.0008925	0.0004825	0.0016725000000000002	0.0	0.0	0.0006400749063670412	0.0	0.0	0.0
CE 18:2	0.000342875	0.00066925	0.000349625	0.00285	0.0007750000000000001	0.0051600000000000005	0.0	0.0	0.001968539325842697	0.0	0.0	0.0
CE 18:3	4.975e-05	0.00011225000000000002	5.175e-05	0.00026000000000000003	0.0	0.0008025	0.0	0.0	0.0003209737827715356	0.0	0.0	0.0
CE 20:4	4.6875e-05	0.00010400000000000001	3.7875e-05	0.000435	0.0	0.00068	0.0	0.0	0.00027303370786516855	0.0	0.0	0.0
CE 20:5	0.0	0.0	1.5125e-05	0.0	0.0	0.0	0.0	0.0	0.0	0.0	0.0	0.0
DAG (32:0) 16:0_16:0	0.0	0.0	0.0	0.0	0.0	0.0	0.001792759051186019	0.0006389513108614232	0.0006913857677902622	0.0010717472118959108	0.0014427509293680298	0.001628252788104089
DAG (34:0) 16:0_18:0	0.0	0.0	0.0	0.0	0.0	0.0	0.0	0.0007104868913857678	0.0004831460674157304	0.0008382899628252789	0.0004096654275092937	0.0
DAG (34:1) 16:0_18:1	0.0	0.0	0.0	0.0	0.0	0.0	0.0	0.001357303370786517	0.001504119850187266	0.005154275092936803	0.005589219330855019	0.0030988847583643124
DAG (36:1) 18:0_18:1	0.0	0.0	0.0	0.0	0.0	0.0	0.0	0.000756179775280899	0.0014310861423220975	0.0019565055762081787	0.0034442379182156135	0.0007702602230483271
DAG (36:2) 18:1_18:1	0.0001465	0.0	0.0002515	0.005110000000000001	0.00614	0.0058875	0.002648689138576779	0.0012516853932584271	0.001853932584269663	0.0032278810408921934	0.0062278810408921935	0.003107806691449814
FreeChol	0.0032418750000000004	0.00355475	0.00443075	0.06341	0.060175	0.0666075	0.022656679151061163	0.014607490636704119	0.015239700374531834	0.012528252788104089	0.019199628252788106	0.0168728624535316
LPC 16:0	0.0	7.525e-05	5.6750000000000004e-05	0.0006875	0.0	0.0	0.0	0.0	0.00017790262172284646	0.0	0.0	0.0
LPC 18:0	0.0	5.4000000000000005e-05	0.0	0.0	0.0	0.0	0.0	0.0	0.0001453183520599251	0.0	0.0	0.0
PC 32:0	4.8750000000000006e-05	5.275e-05	8.625000000000001e-05	0.003885	0.0033925	0.003025	0.002538826466916356	0.002992883895131086	0.002956179775280899	0.00449814126394052	0.007494795539033458	0.0033821561338289964
PC 32:1	0.0	1.6250000000000002e-05	2.425e-05	0.00046750000000000003	0.0004175	0.000615	0.00045443196004993635	0.000449063670411985	0.0003943820224719101	0.001500743494423792	0.0032873605947955397	0.0007598513011152417
PC 34:0	0.0	0.0	2.0625e-05	0.0010425	0.0006125000000000001	0.0	0.0011355805243445695	0.0013606741573033707	0.0014097378277153558	0.0014371747211895912	0.0024397769516728623	0.0012230483271375465
PC 34:1	0.000389	0.000315875	0.0004940000000000001	0.019475000000000003	0.01886	0.019192499999999998	0.006989263420724082	0.007682022471910114	0.009378277153558053	0.019755018587360597	0.03282490706319703	0.014500371747211898
PC 34:2	0.00028187500000000006	0.00032225000000000005	0.0004441250000000001	0.0072125	0.00664	0.007002500000000001	0.0027825218476903854	0.0025704119850187266	0.0031430711610486895	0.005343866171003718	0.008939405204460966	0.004242379182156134
PC 34:3	0.0	0.0	0.0	0.000625	0.00046750000000000003	0.0	0.00019575530586766554	0.0002895131086142322	0.00033258426966292136	0.0010605947955390335	0.0018420074349442379	0.00058364312267658
PC 36:0	6.825e-05	7.35e-05	7.149999999999999e-05	0.001195	0.0011225	0.0016525	0.0008009987515605506	0.0004539325842696629	0.0004902621722846442	0.00045910780669144985	0.0005661710037174723	0.0005888475836431227
PC 36:1	0.00010875	7.149999999999999e-05	0.0001515	0.004217500000000001	0.00453	0.0034625	0.0029423220973782776	0.0036382022471910113	0.0038913857677902626	0.006770631970260223	0.01074386617100372	0.004680297397769518
PC 36:2	0.00013975	0.00016462500000000003	0.00026524999999999997	0.00477	0.0042725	0.00376	0.002307116104868914	0.0026228464419475656	0.002561423220973783	0.00465092936802974	0.007317472118959108	0.0029397769516728623
PC 36:3	8.700000000000001e-05	9.3875e-05	0.000147125	0.0029375	0.0023825	0.0026775	0.0011016229712858914	0.0009906367041198501	0.0013247191011235954	0.002121561338289963	0.0036070631970260224	0.0016237918215613384
PC 36:4	8.175000000000001e-05	0.00010675	0.00014325	0.0029500000000000004	0.002455	0.0026349999999999998	0.0010706616729088652	0.0009471910112359551	0.0016071161048689137	0.001720817843866171	0.0023282527881040896	0.0021828996282527886
PC 36:5	0.0	1.475e-05	2.3875e-05	0.0004725	0.0005124999999999999	0.0	0.00024669163545568053	0.000252434456928839	0.0002790262172284644	0.0005453531598513012	0.0005988847583643124	0.00047360594795539034
PC 38:3	0.0	2.4750000000000002e-05	0.0	0.00029749999999999997	0.00016250000000000002	0.00046	0.00012084893882646705	0.0003093632958801498	0.00040898876404494384	0.00033680297397769524	0.0005568773234200744	0.0005092936802973978
PC 38:4	6.237500000000001e-05	6.7625e-05	0.00010912500000000001	0.0022125	0.001175	0.00147	0.0006571785268414494	0.0007846441947565543	0.0010228464419475656	0.0011052044609665428	0.0012977695167286246	0.0012483271375464684
PC 38:5	3.6375e-05	3.8125e-05	4.125e-05	0.0018425000000000002	0.002005	0.0017125	0.000778027465667914	0.0007588014981273409	0.0011232209737827715	0.0013252788104089219	0.0016620817843866172	0.0015494423791821562
PC 38:6	3.725e-05	5.662500000000001e-05	6.575e-05	0.0010375	0.00075	0.0008874999999999999	0.0003655430711610487	0.0003318352059925094	0.0005970037453183521	0.0005449814126394052	0.0007446096654275095	0.0005672862453531598
PC 38:7	0.0	2.0375e-05	2.05e-05	0.000425	0.0	0.0004175	0.0	9.962546816479402e-05	0.0	0.00011486988847583643	0.00014200743494423792	0.00015390334572490706
PC 40:4	0.0	0.0	0.0	0.0	0.0	0.0	0.0	0.0	3.445692883895132e-05	7.509293680297399e-05	4.7955390334572496e-05	0.0
PC 40:5	0.0	0.0	0.0	0.0004825	0.0	0.0	0.00024569288389513107	0.00036292134831460675	0.00038576779026217235	0.0004197026022304833	0.0004394052044609666	0.00037992565055762083
PC 40:6	0.0	0.0	2.05e-05	0.0	0.0	0.0003125	0.0	0.0002202247191011236	0.0002973782771535581	0.0003390334572490706	0.0005561338289962826	0.00035241635687732346
PC 40:7	0.0	7.000000000000001e-06	0.0	0.000455	0.0	0.0	0.0	8.277153558052434e-05	0.0001400749063670412	0.00015241635687732343	0.00021226765799256506	0.00014052044609665426
PC O-32:0	0.0	0.0	0.0	0.0	7.5e-05	0.0	0.000222721598002497	0.00019812734082397005	0.00015318352059925095	0.0002929368029739777	0.0005475836431226766	0.00018884758364312267
PC O-34:1	0.0	1.825e-05	2.4500000000000003e-05	0.0006425	0.0	0.00037	0.00031260923845193516	0.00027303370786516855	0.00034794007490636706	0.0009605947955390335	0.001912267657992565	0.0006721189591078066
PC O-36:2	0.0	0.0	2.375e-05	0.0	0.0	0.0	0.0	0.0001307116104868914	0.0002363295880149813	0.00042490706319702604	0.0006947955390334574	0.00021115241635687732
PC O-38:4	0.0	0.0	1.4249999999999999e-05	0.0001975	0.0	0.0	0.0	0.0	8.127340823970038e-05	0.000158364312267658	0.00013828996282527883	0.00020892193308550186
PC O-38:5	0.0	0.0	0.0	0.0	0.0	0.0	0.0	0.0	6.629213483146069e-05	8.178438661710038e-05	7.657992565055763e-05	7.286245353159852e-05
PE 34:1	0.00015862500000000002	0.00011862500000000001	0.000232375	0.0122525	0.007995	0.009130000000000001	0.0038751560549313484	0.004004868913857679	0.004631086142322098	0.005573234200743495	0.011022676579925651	0.003707806691449814
PE 34:2	0.0	0.0	9.350000000000001e-05	0.0039375	0.0027375	0.00216	0.0015310861423220975	0.0023891385767790263	0.002141573033707865	0.003163197026022305	0.005537174721189591	0.0021137546468401485
PE 36:1	0.0	0.0	0.0	0.0034375	0.0018275	0.00209	0.00043645443196004875	0.0005925093632958802	0.0009235955056179775	0.0022613382899628253	0.0039007434944237926	0.0016066914498141264
PE 36:2	0.0	0.0	7.575e-05	0.0031349999999999998	0.0027025	0.0023525	0.0006441947565543071	0.000547191011235955	0.0013146067415730337	0.002317472118959108	0.004023791821561339	0.0009144981412639406
PE 36:3	0.000131	7.049999999999999e-05	9.8125e-05	0.0038625	0.00359	0.00302	0.0016	0.0007913857677902622	0.0010378277153558053	0.0017910780669144982	0.0029561338289962828	0.0011687732342007436
PE 36:4	0.0	0.0	0.0001585	0.004305	0.0027075000000000003	0.0026725	0.0011465667915106106	0.0015089887640449438	0.0023707865168539326	0.0015672862453531599	0.0026892193308550192	0.001750185873605948
PE 36:5	0.0	0.0	0.0	0.0	0.0	0.0	0.0	0.0005213483146067416	0.0006749063670411986	0.0005275092936802974	0.0006122676579925651	0.000633457249070632
PE 38:3	0.0	0.0	0.0	0.0	0.0	0.0	0.0	0.0	0.0	0.0002836431226765799	0.0	0.0
PE 38:4	0.000126875	8.2125e-05	0.00010312500000000001	0.00395	0.0030299999999999997	0.0039425	0.0011046192259675394	0.0008692883895131087	0.001252808988764045	0.0013026022304832715	0.0016516728624535318	0.001395539033457249
PE 38:5	0.0	8.562500000000001e-05	0.00013262499999999998	0.0028975	0.0024975	0.0	0.0010846441947565545	0.0011093632958801497	0.0015292134831460674	0.0015386617100371749	0.001849814126394052	0.0011434944237918216
PE 38:6	0.0	0.0	0.0	0.0	0.0	0.0	0.0	0.0003640449438202247	0.0005464419475655431	0.00045910780669144985	0.000871375464684015	0.0
PE 40:5	0.0	0.0	0.0	0.0	0.0	0.0	0.0	0.0003041198501872659	0.0003093632958801498	0.0007189591078066914	0.0006691449814126395	0.0
PE 40:6	0.0	0.0	0.0	0.0	0.0	0.0	0.0	0.0	0.000350561797752809	0.0004951672862453532	0.0005029739776951673	0.0
PG (34:1) 16:0_18:1	0.0	0.0	0.0	0.001165	0.0008100000000000001	0.0	0.0005692883895131086	0.0004348314606741573	0.0006250936329588017	0.0013237918215613382	0.002113382899628253	0.0009263940520446098
PG (34:2) 16:0_18:2	0.0	0.0	0.0	0.0	0.0	0.0	0.0	0.0	9.325842696629215e-05	0.00041003717472118964	0.0006278810408921933	0.0
PG (36:1) 18:0_18:1	0.0	0.0	0.0	0.0	0.0	0.0	0.0	0.00039550561797752813	0.00035880149812734087	0.0006394052044609665	0.0009118959107806692	0.0004200743494423792
PG (36:2) 18:0_18:2	0.0	0.0	0.0	0.0	0.0	0.0	0.0	0.0	5.992509363295881e-05	0.00021561338289962826	0.00033643122676579927	0.0
PG (36:2) 18:1_18:1	0.0	0.0	0.0	0.0	0.0	0.0	0.0002876404494382023	0.00022284644194756555	0.00030898876404494385	0.0007148698884758364	0.0012364312267657994	0.00048475836431226765
PG (36:3) 18:1_18:2	0.0	0.0	0.0	0.0	0.0	0.0	0.0	0.00011947565543071162	0.00013183520599250936	0.00040148698884758373	0.0005197026022304833	0.0
PS 34:1	0.0	0.0	0.0	0.0	0.0	0.0	0.0	0.0006183520599250937	0.0003883895131086142	0.0	0.000754275092936803	0.0
PS 36:1	0.0	0.0	0.0	0.002745	0.0	0.0	0.0010956304619225954	0.0013932584269662923	0.001262546816479401	0.001612639405204461	0.002826022304832714	0.0011553903345724909
PS 36:2	0.0	0.0	0.0	0.0014025	0.0	0.0	0.0	0.0008205992509363296	0.0008138576779026218	0.0011676579925650559	0.0017301115241635688	0.0
PS 38:4	0.00026725	0.000278875	0.00041250000000000005	0.0045625	0.0064075	0.0048200000000000005	0.0019265917602996254	0.0013812734082397004	0.0012771535580524344	0.0012434944237918217	0.00165910780669145	0.001463940520446097
PS 38:5	0.0	0.0	0.0	0.0	0.0	0.0	0.0	0.00036704119850187273	0.0	0.0	0.0	0.0
PS 40:5	0.0	0.0	0.0	0.0	0.0	0.0	0.0	0.0003838951310861423	0.00034831460674157307	0.0003070631970260223	0.0	0.0
PS 40:6	0.0	0.0	0.0	0.0011275	0.0	0.0	0.0	0.000452434456928839	0.0005621722846441948	0.0004104089219330855	0.0005070631970260223	0.0
TAG 48:0	0.0	0.0	0.0	0.0	0.0	0.000815	0.0	0.0	0.0	0.000254275092936803	0.00022156133828996283	0.0
TAG 50:0	0.0	0.0	0.0	0.0	0.0	0.0	0.0	0.0	0.0	0.00012230483271375467	1.4498141263940521e-05	0.0
TAG 50:1	0.0	0.0	0.0	0.0	0.0	0.0	0.0	0.0	0.00020561797752808992	0.001317843866171004	0.0015784386617100372	0.00080817843866171
TAG 50:2	0.0	0.0	0.0	0.0	0.0	0.0	0.0	0.0	0.0	0.0006089219330855018	0.0006758364312267659	0.00027583643122676584
TAG 52:1	0.0	0.0	0.0	0.0	0.0	0.0	0.0	0.0	0.0	0.001371375464684015	0.0010535315985130112	0.0003330855018587361
TAG 52:2	0.0	0.0	3.3375000000000005e-05	0.0004825	0.0	0.0	0.0	0.0	0.0001797752808988764	0.0015323420074349443	0.002280297397769517	0.000812639405204461
TAG 52:3	0.0	0.0	0.0	0.0	0.0	0.0	0.0	0.0	0.0	0.0011152416356877324	0.0012000000000000001	0.0
TAG 54:2	0.0	0.0	0.0	0.0	0.0	0.0	0.0	0.0	0.0	0.0006394052044609665	0.0005643122676579926	0.00037769516728624534
TAG 54:3	0.0	0.0	0.0	0.0	0.0	0.0	0.0	0.0	0.0	0.000512267657992565	0.0006427509293680297	0.0
TAG 54:6	0.0	0.0	0.00014512500000000002	0.0030600000000000002	0.0	0.0031375	0.0021612983770287154	0.0	0.0	0.0011475836431226766	0.0	0.0
TAG 56:6	0.0	0.0	0.000140875	0.001915	0.0	0.0022025	0.002364044943820225	0.0	0.0	0.0009851301115241637	0.0	0.0
Cer 16:0	3.5000000000000004e-06	4.250000000000001e-06	5.125e-06	0.0001	9.5e-05	0.00012	4.394506866416967e-05	3.5580524344569284e-05	3.183520599250937e-05	3.6059479553903344e-05	3.643122676579926e-05	3.271375464684015e-05
Cer 18:0	3.125e-06	0.0	3.3750000000000003e-06	0.0	6.25e-05	6.25e-05	2.1972534332084908e-05	1.2359550561797754e-05	1.01123595505618e-05	9.66542750929368e-06	1.2267657992565058e-05	0.0
Cer 19:0	2.5000000000000006e-06	0.0	0.0	0.0	0.0	4.4999999999999996e-05	0.0	7.1161048689138586e-06	0.0	6.319702602230484e-06	0.0	0.0
Cer 22:0	5.500000000000001e-06	4.375e-06	8e-06	0.000105	8.999999999999999e-05	0.000105	2.696629213483146e-05	2.0973782771535582e-05	1.7977528089887643e-05	1.933085501858736e-05	2.1561338289962824e-05	1.7100371747211897e-05
Cer 24:0	1.0875000000000002e-05	8.25e-06	1.7125000000000003e-05	0.0001875	0.0002125	0.00019	6.991260923845206e-05	4.943820224719102e-05	4.157303370786517e-05	4.237918215613383e-05	4.869888475836432e-05	4.312267657992565e-05
Cer 24:1	2.2375000000000002e-05	1.45e-05	2.7750000000000004e-05	0.0004175	0.0004825	0.0004175	0.00011585518102372023	7.827715355805243e-05	8.014981273408241e-05	7.9182156133829e-05	8.847583643122677e-05	7.286245353159852e-05
Cer 24:2	3.5000000000000004e-06	0.0	5.000000000000001e-06	7.000000000000001e-05	7.5e-05	8.75e-05	2.696629213483146e-05	1.647940074906367e-05	1.5730337078651687e-05	1.6356877323420076e-05	1.5241635687732342e-05	1.6356877323420076e-05
DHSM 16:0	1.025e-05	9.875000000000003e-06	1.4874999999999999e-05	0.00027	0.000205	0.0001375	7.590511860174794e-05	3.932584269662922e-05	4.644194756554308e-05	4.535315985130112e-05	6.877323420074352e-05	5.130111524163569e-05
DHSM 17:0	0.0	0.0	3.875e-06	0.0	0.0	0.0	0.0	8.239700374531835e-06	5.617977528089887e-06	7.434944237918216e-06	9.29368029739777e-06	0.0
DHSM 18:0	0.0	2.8750000000000004e-06	3.5000000000000004e-06	0.0	0.0	0.0	0.0	1.2734082397003747e-05	4.2322097378277146e-05	3.6059479553903344e-05	8.252788104089221e-05	6.840148698884759e-05
DHSM 19:0	0.0	0.0	0.0	0.0	0.0	0.0	0.0	0.0	0.0	3.3457249070631974e-06	0.0	0.0
DHSM 20:0	0.0	0.0	0.0	0.0	0.0	0.0	0.0	0.0	0.0	0.0	1.338289962825279e-05	1.0408921933085503e-05
DHSM 22:0	5e-07	1.875e-06	1.3750000000000002e-06	0.0	0.0	0.0	0.0	7.865168539325843e-06	0.0	0.0	1.1895910780669147e-05	3.717472118959108e-06
DHSM 24:0	1.875e-06	0.0	0.0	0.0	0.0	0.0	0.0	8.61423220973783e-06	7.490636704119851e-07	1.4869888475836434e-06	7.434944237918217e-07	0.0
DHSM 25:0	0.0	0.0	2.7500000000000004e-06	0.0	0.0	0.0	0.0	1.3108614232209737e-05	1.4981273408239702e-05	1.2639405204460968e-05	1.1524163568773235e-05	0.0
SM 14:0	2.7875e-05	3.1125000000000004e-05	4.1125000000000004e-05	0.0003925	0.0004275	0.0003025	0.00012184769038701611	7.340823970037454e-05	6.853932584269663e-05	6.57992565055762e-05	6.802973977695167e-05	6.988847583643122e-05
SM 15:0	1.75e-05	2.3375000000000002e-05	2.8375000000000002e-05	0.00040500000000000003	0.0003325	0.00031	9.78776529338326e-05	5.243445692883895e-05	5.955056179775282e-05	6.171003717472119e-05	5.910780669144982e-05	5.724907063197027e-05
SM 16:0	0.00032512500000000006	0.000322375	0.000529375	0.00566	0.0058725	0.0054825	0.0017627965043695393	0.0010464419475655431	0.0012157303370786518	0.0010828996282527881	0.0011237918215613383	0.0010773234200743495
SM 16:1	2.5750000000000002e-05	2.3875e-05	3.7500000000000003e-05	0.00037	0.00038	0.00034	0.00011485642946317116	6.329588014981273e-05	7.191011235955057e-05	6.319702602230483e-05	6.57992565055762e-05	6.988847583643122e-05
SM 17:0	1.125e-05	1.2250000000000001e-05	1.7375e-05	0.0	0.0002275	0.0002	5.992509363295881e-05	3.5580524344569284e-05	4.157303370786517e-05	3.9033457249070635e-05	4.163568773234201e-05	3.717472118959108e-05
SM 18:0	6.175000000000001e-05	5.512500000000001e-05	9.65e-05	0.00082	0.0009275	0.0008900000000000001	0.000251685393258427	0.00015280898876404494	0.00016741573033707865	0.0001553903345724907	0.00017397769516728625	0.00014944237918215614
SM 18:1	1.8375e-05	1.9500000000000003e-05	3.3875000000000003e-05	0.0002575	0.0002575	0.00024	8.888888888888877e-05	4.906367041198502e-05	6.329588014981273e-05	5.3903345724907065e-05	5.762081784386618e-05	4.981412639405205e-05
SM 19:0	3.75e-06	5.000000000000001e-06	4.875000000000001e-06	0.0	0.0	0.0	0.0	9.737827715355805e-06	9.363295880149813e-06	5.947955390334574e-06	8.921933085501859e-06	1.2639405204460968e-05
SM 20:0	2.1875000000000003e-05	2.05e-05	3.0375000000000003e-05	0.00029	0.000285	0.0002875	8.08988764044944e-05	4.344569288389513e-05	5.8426966292134835e-05	4.609665427509294e-05	5.278810408921933e-05	5.055762081784387e-05
SM 20:1	1.0125000000000002e-05	8.500000000000002e-06	1.7000000000000003e-05	0.0	0.0	0.00013000000000000002	3.795255930087379e-05	2.5093632958801503e-05	2.471910112359551e-05	2.267657992565056e-05	2.7137546468401486e-05	3.866171003717472e-05
SM 21:0	5.8750000000000005e-06	8.375e-06	1.0125000000000002e-05	0.0	0.0	0.0	2.9962546816479404e-05	1.610486891385768e-05	1.722846441947566e-05	1.4498141263940521e-05	1.4498141263940521e-05	1.6356877323420076e-05
SM 22:0	0.0001035	0.000104375	0.00015225	0.001555	0.0018000000000000002	0.0015500000000000002	0.00046841448189762923	0.0002801498127340824	0.0003374531835205993	0.0003111524163568773	0.00031970260223048325	0.00028921933085501863
SM 22:1	4.125e-05	4.3874999999999996e-05	6.8625e-05	0.000695	0.0006175000000000001	0.0006775	0.00016978776529338313	0.00010337078651685393	0.0001344569288389513	0.00011189591078066914	0.0001271375464684015	0.0001100371747211896
SM 22:2	3.625e-06	4.5e-06	6e-06	0.0	0.0	0.0	0.0	8.988764044943822e-06	1.3857677902621722e-05	1.1524163568773235e-05	1.0780669144981412e-05	0.0
SM 23:0	2.1375e-05	2.7125000000000002e-05	3.4625e-05	0.00034	0.0004375	0.00045250000000000005	0.00011685393258426967	6.928838951310862e-05	0.00010561797752808988	8.401486988847583e-05	8.327137546468403e-05	7.732342007434944e-05
SM 23:1	1.8625e-05	2.3625e-05	2.5500000000000003e-05	0.00038500000000000003	0.000355	0.00032750000000000005	7.590511860174794e-05	4.756554307116105e-05	7.191011235955057e-05	4.163568773234201e-05	5.278810408921933e-05	5.353159851301116e-05
SM 24:0	0.00025225000000000003	0.000244625	0.00042249999999999997	0.00432	0.00529	0.004217500000000001	0.0014302122347066182	0.0008524344569288391	0.0010651685393258427	0.0008509293680297399	0.0009401486988847584	0.0008572490706319702
SM 24:1	0.00043075000000000003	0.0003367500000000001	0.000608625	0.007685	0.0081975	0.006455	0.001826716604244693	0.001352434456928839	0.0015887640449438203	0.0012026022304832715	0.0014081784386617102	0.0012602230483271374
SM 24:2	8.4375e-05	6.6375e-05	0.000121	0.00142	0.0014275	0.0013675	0.0004174781523096143	0.0002902621722846442	0.0003674157303370787	0.00026914498141263944	0.0002925650557620818	0.000308550185873606
SM 24:3	6e-06	5.000000000000001e-06	8.375e-06	0.0	0.0	0.0	2.696629213483146e-05	1.9850187265917608e-05	2.5468164794007495e-05	1.858736059479554e-05	1.7100371747211897e-05	2.3791821561338294e-05
SM 25:0	9.750000000000002e-06	9.875000000000003e-06	1.3500000000000001e-05	0.000205	0.0002525	0.00021	5.393258426966292e-05	3.857677902621723e-05	4.943820224719102e-05	3.9776951672862456e-05	3.754646840148699e-05	4.163568773234201e-05
SM 25:1	9.500000000000002e-06	1.1375000000000002e-05	1.5875e-05	0.0	0.0001875	0.0001975	4.893882646691648e-05	3.4082397003745325e-05	4.3820224719101126e-05	3.680297397769517e-05	3.4200743494423794e-05	3.345724907063197e-05
SM 26:0	1.7624999999999998e-05	1.6125000000000002e-05	2.5124999999999997e-05	0.00037	0.00026500000000000004	0.00032500000000000004	8.08988764044944e-05	5.917602996254682e-05	6.02996254681648e-05	4.758364312267659e-05	5.5762081784386615e-05	5.5762081784386615e-05
SM 26:1	1.9750000000000006e-05	1.9125000000000004e-05	2.8000000000000003e-05	0.00032500000000000004	0.0004275	0.00038	9.78776529338326e-05	6.741573033707865e-05	8.127340823970038e-05	7.583643122676581e-05	7.360594795539034e-05	7.509293680297399e-05
SM 26:2	8.125000000000001e-06	7.875e-06	1.2625e-05	0.0	0.00017999999999999998	0.00016	4.893882646691648e-05	3.895131086142322e-05	4.644194756554308e-05	4.052044609665428e-05	3.9033457249070635e-05	3.717472118959108e-05
Cer	5.1375e-05	3.1375000000000004e-05	6.6375e-05	0.00088	0.0010175000000000002	0.0010275000000000002	0.0003056179775280899	0.0002202247191011236	0.00019737827715355806	0.00020929368029739778	0.00022267657992565057	0.00018215613382899633
DHSM	1.2625e-05	1.4625e-05	2.6375e-05	0.00027	0.000205	0.0001375	7.590511860174794e-05	8.98876404494382e-05	0.0001101123595505618	0.00010631970260223049	0.00019814126394052047	0.0001338289962825279
SM	0.00155575	0.001450625	0.002389125	0.025495	0.028147500000000002	0.024502500000000003	0.0075096129837703	0.00482996254681648	0.005789138576779026	0.004753159851301115	0.005185130111524164	0.004852044609665428
CE	0.00068725	0.0012326250000000002	0.0006776250000000001	0.0054225	0.00207	0.0108025	0.00032958801498127345	7.715355805243446e-05	0.0038539325842696635	0.00013122676579925652	0.00016840148698884762	0.0002394052044609666
DG	0.0001465	0.0	0.0002515	0.005110000000000001	0.00614	0.0058875	0.004441448189762809	0.004714606741573034	0.005963670411985018	0.012248698884758366	0.01711375464684015	0.008605204460966543
FC	0.0032418750000000004	0.00355475	0.00443075	0.06341	0.060175	0.0666075	0.022656679151061163	0.014607490636704119	0.015239700374531834	0.012528252788104089	0.019199628252788106	0.0168728624535316
PC	0.001341125	0.0014648750000000002	0.002191375	0.056842500000000004	0.0498325	0.0496525	0.02526841448189764	0.02780187265917603	0.03266292134831461	0.056195910780669156	0.09101858736059482	0.043435687732342014
PE	0.00041650000000000004	0.00035687500000000004	0.000894	0.037777500000000006	0.0270875	0.0253675	0.01142272159800251	0.013002247191011238	0.017082771535580528	0.02199925650557621	0.03628698884758364	0.014434200743494423
PG	0.0	0.0	0.0	0.001165	0.0008100000000000001	0.0	0.000856928838951311	0.0011726591760299625	0.0015779026217228468	0.003705204460966543	0.005745724907063197	0.0018312267657992565
PS	0.00026725	0.000278875	0.00041250000000000005	0.0098375	0.0064075	0.0048200000000000005	0.0030222222222222213	0.00541685393258427	0.004652434456928839	0.004741263940520446	0.0074765799256505585	0.002619330855018587
TG	0.0	0.0	0.00031937500000000005	0.0054575	0.0	0.006155000000000001	0.004525343320848952	0.0	0.0003853932584269663	0.009606691449814127	0.008231226765799257	0.002607434944237919
Neutral lipids	0.0008337500000000001	0.0012326250000000002	0.0012485	0.01599	0.00821	0.022845	0.009296379525592997	0.0047917602996254685	0.01020299625468165	0.02198661710037175	0.02551338289962825	0.011452044609665429
Phospholipids	0.002024875	0.0021006250000000005	0.003497875	0.10562250000000001	0.0841375	0.07984000000000001	0.040570287141073795	0.04739363295880151	0.05597602996254682	0.08664163568773235	0.1405278810408922	0.06232044609665428
Free cholesterol	0.0032418750000000004	0.00355475	0.00443075	0.06341	0.060175	0.0666075	0.022656679151061163	0.014607490636704119	0.015239700374531834	0.012528252788104089	0.019199628252788106	0.0168728624535316
Sphingolipids	0.0016197500000000003	0.0014966250000000001	0.0024818750000000006	0.026645	0.02937	0.0256675	0.007891136079900113	0.005140074906367042	0.006096629213483146	0.005068773234200743	0.0056059479553903354	0.005168029739776953
total	0.0077202500000000005	0.008384625	0.011659000000000001	0.21166749999999998	0.1818925	0.19496000000000002	0.08041448189762808	0.07193295880149814	0.08751535580524344	0.12622527881040893	0.19084684014869888	0.09581338289962826
% Neutral lipids	10.7995207409087	14.7010152511293	10.7084655630843	7.55430096731903	4.51365504350097	11.7177882642593	11.5605787741415	6.66142527634449	11.6585211370075	17.4185530090179	13.3685120905064	11.9524478346228
% Phospholipids	26.2281014215861	25.0532969572283	30.0015009863625	49.900197243318	46.2567175666946	40.951990151826	50.4514686704341	65.8858383534398	63.9613807742675	68.6404787569284	73.6338526387964	65.0435713786869
% Free cholesterol	41.9918396424986	42.3960522981052	38.0028304314264	29.9573623725891	33.0827274351609	34.1647004513746	28.1748742470347	20.3070899349686	17.4137444044063	9.92531203430463	10.0602285255699	17.6101312185242
% Sphingolipids	20.9805381950066	17.8496354935373	21.2872030191269	12.588139416774	16.1468999546435	13.16552113254	9.81307830838974	7.14564643524714	6.96635368431864	4.01565619974908	2.93740674512737	5.39384956816612
Phospholipids (total)	0.002024875	0.0021006250000000005	0.003497875	0.10562250000000001	0.0841375	0.07984000000000001	0.040570287141073795	0.04739363295880151	0.05597602996254682	0.08664163568773235	0.1405278810408922	0.06232044609665428
% PC	66.232483486635	69.7351978577804	62.6487510274095	53.8166583824469	59.2274550586837	62.19000501002	62.2830555623938	58.6616195541366	58.3516218820255	64.860168364326	64.7690598381038	69.6973312177139
% PE	20.5691709364776	16.9889913716156	25.5583747275131	35.766527018391	32.194324766008	31.7729208416834	28.1553876073952	27.4345864186311	30.5180119901509	25.3910909356148	25.8219141844347	23.1612603046969
% PG	0.0	0.0	0.0	1.10298468602807	0.962709849948002	0.0	2.1122079712464	2.47429686820872	2.81888984048817	4.27647104253731	4.08867255700757	2.93840445711695
% PS	13.1983455768875	13.275810770604	11.7928742450774	9.31382991313404	7.61551032536027	6.03707414829659	7.44934885896458	11.4294971590236	8.3114762873354	5.4722696575219	5.32035342045394	4.2030040204722
Neutral lipids (total)	0.0008337500000000001	0.0012326250000000002	0.0012485	0.01599	0.00821	0.022845	0.009296379525592997	0.0047917602996254685	0.01020299625468165	0.02198661710037175	0.02551338289962825	0.011452044609665429
% CE	82.4287856071964	100.0	54.2751301561874	33.9118198874296	25.2131546894032	47.2860582184285	3.54533734422003	1.61012974831952	37.7725570809779	0.596848370079805	0.66005158018971	2.0905018502889
% DAG	17.5712143928036	0.0	20.1441730076091	31.9574734208881	74.7868453105968	25.7715036112935	47.7761065749893	98.3898702516805	58.4501872109243	55.7097930474773	67.0775597033411	75.1412062585211
% TAG	0.0	0.0	25.5806968362034	34.1307066916823	0.0	26.942438170278	48.6785560807907	0.0	3.77725570809779	43.6933585824429	32.2623887164692	22.76829189119
Sphingolipids (total)	0.0016197500000000003	0.0014966250000000001	0.0024818750000000006	0.026645	0.02937	0.0256675	0.007891136079900113	0.005140074906367042	0.006096629213483146	0.005068773234200743	0.0056059479553903354	0.005168029739776953
% Cer	3.17178576940886	2.09638352960828	2.67438932258877	3.30268343028711	3.46441947565543	4.00311678192266	3.87292747753449	4.28446517050423	3.23749846418479	4.12907957462413	3.97214854111406	3.52467270896274
% DHSM	0.779441271801204	0.977198697068404	1.06270460841098	1.01332332520173	0.69799114742935	0.535696892958021	0.961903556511834	1.74876129408336	1.80611868779948	2.0975430876421	3.53448275862069	2.58955545964609
% SM	96.0487729587899	96.9264177733233	96.2629060690002	95.6839932445111	95.8375893769152	95.4611863251193	95.1651689659537	93.9667735354124	94.9563828480157	93.7733773377338	92.4933687002653	93.8857718313911
